PLOT,SUB,COVER,TIME,SPECIES
CT2T,B,1,2,vigobt
CT14,A,2,2,vigobt
CT2T,C,1,2,vigobt
CT33,C,1,2,vigobt
CT12,D,1,1,acator
CT12,D,1,2,acator
CT32,A,2,2,ipomom
CT32,B,1,2,ipomom
CT22,C,1,1,ipomom
CT22,A,1,1,ipomom
CT22,D,1,1,ipomom
CT12,A,6,1,aspafr
CT12,D,2,1,aspafr
CT1T,C,2,2,aspafr
CT12,B,2,2,aspafr
CT3T,B,2,2,aspafr
CT13,B,1,2,aspafr
CT12,B,2,1,aspafr
CT12,D,1,2,aspafr
CT12,A,1,2,aspafr
CT13,D,1,1,aspafr
CT12,C,2,1,aspafr
CT1T,C,1,1,aspafr
CT13,B,1,1,aspafr
CT1T,B,4,1,aspafr
CT1T,B,3,2,aspafr
CT3T,D,1,2,aspafr
CT12,C,3,1,bleala
CT23,B,1,1,bleala
CT14,C,1,1,bleala
CT2T,A,1,1,bleala
CT2B,D,1,1,bleala
CT3B,D,1,1,bleala
CT2B,B,1,1,bleala
CT3B,B,1,2,lipjav
CT3B,C,1,2,lipjav
CT12,C,5,2,bleala
CT2B,B,1,2,bleala
CT13,D,4,2,botins
CT14,B,7,2,botins
CT2B,A,3,2,botins
CT13,D,6,1,botins
CT33,D,8,2,botins
CT14,D,2,2,botins
CT24,D,4,2,botins
CT13,A,5,2,botins
CT13,C,5,2,botins
CT13,B,16,2,botins
CT32,B,1,2,botins
CT14,C,1,2,botins
CT14,A,2,2,botins
CT1B,B,1,2,botins
CT23,B,2,2,botins
CT33,C,7,1,botins
CT33,C,4,2,botins
CT24,A,1,2,botins
CT1B,A,2,2,botins
CT33,D,6,1,botins
CT34,B,2,2,botins
CT32,C,5,2,botins
CT33,B,4,2,botins
CT3T,D,1,2,botins
CT24,C,6,2,botins
CT34,A,1,1,botins
CT1B,D,1,2,braxan
CT22,C,9,2,cencil
CT22,C,2,1,cencil
CT33,B,1,1,chlbak
CT22,A,1,2,chlbak
CT22,A,1,1,chlbak
CT1T,D,2,1,chlbak
CT2T,B,1,1,chlbak
CT33,C,1,1,chlbak
CT1B,C,3,2,chlgay
CT3B,C,4,2,chlgay
CT3B,A,1,2,chlgay
CT1B,B,31,2,chlgay
CT3B,B,13,2,chlgay
CT3B,A,3,1,chlgay
CT3B,B,6,1,chlgay
CT33,C,1,2,chlgay
CT3B,D,1,2,chlgay
CT3B,D,5,1,chlgay
CT1B,A,1,2,chlgay
CT1T,D,1,1,chlpyc
CT12,C,2,1,chlpyc
CT33,D,1,1,chlpyc
CT12,B,5,1,chlpyc
CT12,A,5,1,chlpyc
CT24,D,20,2,chlpyc
CT23,A,1,1,chlpyc
CT1B,A,1,2,chlpyc
CT1B,D,1,2,chlpyc
CT1B,C,1,1,chlpyc
CT14,A,2,2,chlpyc
CT12,B,2,2,chlpyc
CT2B,D,1,2,chlpyc
CT12,D,1,1,chlpyc
CT13,D,2,1,chlpyc
CT34,D,3,1,chrori
CT13,B,3,2,chrori
CT2B,A,6,1,chrori
CT12,A,3,2,chrori
CT12,B,7,2,chrori
CT12,D,1,2,chrori
CT3T,B,3,1,chrori
CT23,D,2,1,chrori
CT3T,A,1,1,chrori
CT3T,B,7,2,chrori
CT34,D,8,2,chrori
CT34,A,7,1,chrori
CT2B,A,15,2,chrori
CT34,A,22,2,chrori
CT33,A,2,1,chrori
CT3T,C,6,1,chrori
CT33,D,6,2,chrori
CT23,D,3,2,chrori
CT32,B,1,2,chrori
CT2B,C,4,2,chrori
CT3T,A,3,2,chrori
CT34,C,3,1,chrori
CT23,C,16,2,chrori
CT2B,B,11,2,chrori
CT34,B,6,1,chrori
CT3T,D,6,2,chrori
CT3T,C,8,2,chrori
CT3B,D,8,2,chrori
CT1T,D,3,2,chrori
CT12,C,2,2,chrori
CT23,B,1,1,chrori
CT14,D,4,2,chrori
CT13,A,5,2,chrori
CT34,B,21,2,chrori
CT32,A,3,1,chrori
CT3T,D,5,1,chrori
CT23,C,6,1,chrori
CT3B,D,3,1,chrori
CT33,A,9,2,chrori
CT13,D,7,2,chrori
CT2B,B,1,1,chrori
CT33,C,1,1,chrori
CT1T,C,1,2,comtri
CT12,A,1,1,comtri
CT13,A,2,2,comtri
CT2B,C,1,2,comtri
CT3T,A,2,2,comtri
CT13,D,1,2,comtri
CT22,B,2,1,comtri
CT34,C,2,2,comtri
CT23,A,1,2,comtri
CT22,D,1,2,comtri
CT24,B,1,2,comtri
CT33,C,1,2,comtri
CT1T,C,1,1,comtri
CT3T,D,1,2,comtri
CT2T,B,1,1,comtri
CT23,B,2,1,comtri
CT2B,D,1,2,comtri
CT13,C,1,1,comtri
CT14,A,2,1,comtri
CT2T,B,2,2,comtri
CT33,D,1,2,comtri
CT3B,D,1,2,comtri
CT1T,A,1,2,comtri
CT34,C,1,1,comtri
CT34,B,1,1,comtri
CT22,A,1,1,comtri
CT2T,A,1,1,comtri
CT34,A,1,2,comtri
CT23,C,2,1,comtri
CT2T,D,1,2,comtri
CT32,B,2,2,comtri
CT24,C,1,1,comtri
CT12,D,1,1,comtri
CT1B,A,1,2,comtri
CT13,A,2,1,comtri
CT1T,B,1,1,comtri
CT24,D,1,2,comtri
CT1B,A,1,1,comtri
CT12,B,1,1,comtri
CT1T,A,1,1,comtri
CT13,B,2,2,comtri
CT33,B,1,2,comtri
CT24,B,1,1,comtri
CT1T,D,1,2,comtri
CT12,C,1,2,comtri
CT22,D,1,1,comtri
CT3T,D,1,1,comtri
CT32,D,1,1,comtri
CT34,D,1,2,comtri
CT34,B,1,2,comtri
CT32,B,1,1,comtri
CT24,C,1,2,comtri
CT32,D,3,2,comtri
CT32,C,4,2,comtri
CT22,C,2,1,comtri
CT3B,A,1,2,comtri
CT33,C,1,1,comtri
CT24,A,1,2,comtri
CT13,B,2,1,comtri
CT2B,A,1,2,comtri
CT1T,B,1,2,comtri
CT22,A,1,2,comtri
CT3T,A,1,1,comtri
CT1B,B,1,2,comtri
CT3T,C,1,2,comtri
CT23,B,2,2,comtri
CT34,A,1,1,comtri
CT12,B,1,2,comtri
CT2T,D,1,1,comtri
CT3T,C,1,1,comtri
CT24,A,2,1,comtri
CT13,C,1,2,comtri
CT2B,B,1,1,comtri
CT22,B,2,2,comtri
CT12,A,1,2,comtri
CT2T,B,1,2,crapla
CT34,D,1,2,crapla
CT2T,A,2,2,crapla
CT1T,A,3,2,crapla
CT2T,C,1,2,crapla
CT1T,B,1,2,crapla
CT34,A,1,2,crapla
CT3T,D,1,2,crapla
CT12,A,1,1,crapla
CT12,D,1,2,crapla
CT13,A,1,2,crapla
CT1T,D,1,2,crapla
CT3T,A,1,2,crapla
CT33,D,1,2,crapla
CT1B,B,1,1,crass_sp
CT12,D,1,1,crass_sp
CT22,A,1,1,crass_sp
CT32,B,2,1,crass_sp
CT34,A,1,1,crot_sp
CT33,B,1,1,crot_sp
CT34,B,1,1,cyalon
CT3T,B,2,2,cyalon
CT34,B,1,2,cyalon
CT34,D,1,2,cyalon
CT24,B,1,1,cyalon
CT34,D,1,1,cyalon
CT3T,A,1,2,cyalon
CT34,C,1,1,cyalon
CT24,C,1,1,cyalon
CT23,D,1,1,cyalon
CT2B,C,1,1,cyalon
CT12,A,1,1,cyalon
CT2B,C,2,2,cyalon
CT13,A,1,2,cyalon
CT14,A,1,1,cyalon
CT34,A,1,1,cyalon
CT2B,D,1,1,cyalon
CT3T,C,1,1,cyalon
CT12,B,1,1,cyalon
CT23,C,1,1,cyalon
CT12,B,2,2,cyalon
CT32,C,1,1,cyalon
CT3B,D,1,2,cyalon
CT32,A,1,1,cyalon
CT3T,B,1,1,cyalon
CT3T,A,1,1,cyalon
CT23,B,1,1,cyalon
CT3B,D,1,1,cyalon
CT12,A,1,2,cyalon
CT2B,D,1,2,cyalon
CT23,A,2,1,cyalon
CT34,C,1,2,cyalon
CT2T,A,1,2,cyndac
CT22,A,5,2,cyndac
CT2T,A,1,1,cyndac
CT22,D,8,2,cyndac
CT32,D,9,1,cyndac
CT32,C,10,2,cyndac
CT22,B,1,1,cyndac
CT32,B,4,1,cyndac
CT22,C,1,1,cyndac
CT2B,D,1,1,cyndac
CT32,C,9,1,cyndac
CT32,A,7,1,cyndac
CT32,B,9,2,cyndac
CT22,D,4,1,cyndac
CT32,D,18,2,cyndac
CT32,A,5,2,cyndac
CT13,D,1,2,cypobt
CT24,A,3,1,cypobt
CT2T,D,1,1,cypobt
CT34,C,1,1,cypobt
CT13,C,1,1,cypobt
CT24,D,2,1,cypobt
CT32,C,2,1,cypobt
CT2T,C,1,1,cypobt
CT33,D,1,1,cypobt
CT2T,D,1,2,cypobt
CT23,A,2,1,cypobt
CT24,C,2,1,cypobt
CT2T,A,1,1,cypobt
CT23,B,2,1,cypobt
CT3T,B,1,1,cypobt
CT2B,A,2,1,cypobt
CT2B,D,3,1,cypobt
CT2B,C,3,2,cypobt
CT23,C,1,1,cypobt
CT3B,D,1,1,cypobt
CT2B,B,2,1,cypobt
CT3T,A,3,1,cypobt
CT3T,C,1,1,cypobt
CT12,B,1,1,cypobt
CT3B,A,1,1,cypobt
CT13,D,1,1,cypobt
CT2B,C,4,1,cypobt
CT34,C,2,2,cypobt
CT24,B,1,1,cypobt
CT1B,A,1,1,cypobt
CT1T,C,3,2,dacaeg
CT1B,A,2,2,dacaeg
CT13,D,1,2,dacaeg
CT2T,A,1,2,dacaeg
CT23,D,3,2,dacaeg
CT33,C,4,2,digmac
CT34,A,6,1,digmac
CT13,C,35,1,digmac
CT24,C,5,2,digmac
CT12,C,8,2,digmac
CT33,C,13,1,digmac
CT24,C,3,1,digmac
CT3T,D,10,1,digmac
CT22,A,12,2,digmac
CT3B,D,6,1,digmac
CT23,C,2,2,digmac
CT14,A,3,1,digmac
CT23,A,13,1,digmac
CT12,B,15,1,digmac
CT33,B,10,2,digmac
CT12,D,6,2,digmac
CT2B,D,21,2,digmac
CT33,B,12,1,digmac
CT22,C,8,1,digmac
CT2T,C,22,1,digmac
CT32,D,7,2,digmac
CT2B,B,10,1,digmac
CT33,D,2,1,digmac
CT24,A,2,1,digmac
CT3B,A,5,2,digmac
CT2T,A,21,1,digmac
CT12,C,10,1,digmac
CT13,A,25,2,digmac
CT32,B,13,1,digmac
CT24,B,2,1,digmac
CT24,D,9,2,digmac
CT34,D,4,2,digmac
CT12,A,8,1,digmac
CT1B,B,1,1,digmac
CT1T,A,26,1,digmac
CT23,A,8,2,digmac
CT3B,D,3,2,digmac
CT23,B,2,2,digmac
CT2T,A,15,2,digmac
CT13,D,30,1,digmac
CT2T,D,8,2,digmac
CT3T,B,3,2,digmac
CT22,B,24,1,digmac
CT2T,B,5,2,digmac
CT2T,B,18,1,digmac
CT1B,C,2,1,digmac
CT22,A,26,1,digmac
CT23,B,4,1,digmac
CT24,B,3,2,digmac
CT12,A,6,2,digmac
CT22,D,15,2,digmac
CT3T,D,14,2,digmac
CT14,C,1,2,digmac
CT3B,C,3,2,digmac
CT3B,A,1,1,digmac
CT1B,A,3,1,digmac
CT2T,D,27,1,digmac
CT13,B,33,1,digmac
CT14,A,3,2,digmac
CT1T,C,43,2,digmac
CT34,C,4,2,digmac
CT34,B,9,2,digmac
CT33,A,6,1,digmac
CT34,A,2,2,digmac
CT12,D,12,1,digmac
CT23,D,7,1,digmac
CT32,C,8,2,digmac
CT2B,C,12,1,digmac
CT2B,C,1,2,digmac
CT14,D,2,1,digmac
CT3T,A,23,1,digmac
CT32,B,6,2,digmac
CT1T,D,30,1,digmac
CT1B,C,1,2,digmac
CT2B,A,7,1,digmac
CT13,A,27,1,digmac
CT1T,C,23,1,digmac
CT3T,A,13,2,digmac
CT24,A,8,2,digmac
CT3T,C,3,2,digmac
CT34,D,8,1,digmac
CT1B,D,1,1,digmac
CT24,D,6,1,digmac
CT13,B,9,2,digmac
CT13,D,9,2,digmac
CT12,B,4,2,digmac
CT22,B,5,2,digmac
CT2B,B,5,2,digmac
CT1B,D,5,2,digmac
CT2B,D,12,1,digmac
CT2B,A,4,2,digmac
CT34,B,9,1,digmac
CT33,A,6,2,digmac
CT13,C,8,2,digmac
CT1T,B,11,2,digmac
CT32,A,12,1,digmac
CT3T,B,21,1,digmac
CT32,D,18,1,digmac
CT23,C,4,1,digmac
CT32,C,18,1,digmac
CT1B,A,5,2,digmac
CT14,B,4,1,digmac
CT34,C,7,1,digmac
CT32,A,12,2,digmac
CT23,D,4,2,digmac
CT2T,C,5,2,digmac
CT3B,C,3,1,digmac
CT22,C,5,2,digmac
CT1T,D,30,2,digmac
CT14,D,9,2,digmac
CT1T,B,17,1,digmac
CT3T,C,23,1,digmac
CT22,D,20,1,digmac
CT1T,A,32,2,digmac
CT3B,D,1,2,dycrad
CT13,D,1,2,dycrad
CT3T,D,2,2,dycrad
CT1T,C,1,2,dycrad
CT1B,D,1,2,dycrad
CT3B,A,1,2,dycrad
CT2B,D,1,2,dycrad
CT1B,C,1,2,dycrad
CT1B,A,1,2,dycrad
CT34,C,1,2,dycrad
CT23,A,1,2,dycrad
CT1B,D,5,1,helstr
CT1B,A,4,1,helstr
CT1B,C,2,1,helstr
CT32,D,1,2,eracil
CT22,B,1,2,eracil
CT32,A,1,2,eracil
CT14,D,2,1,eraten
CT3T,D,6,1,eraten
CT24,A,2,1,eraten
CT3T,B,10,1,eraten
CT3T,C,8,1,eraten
CT3T,C,13,2,eraten
CT13,B,10,1,eraten
CT32,C,5,2,eraten
CT1B,D,3,2,eraten
CT12,A,3,1,eraten
CT32,D,1,2,eraten
CT3B,D,5,1,eraten
CT1B,A,3,1,eraten
CT3B,B,9,2,eraten
CT12,B,4,1,eraten
CT1B,B,1,1,eraten
CT14,A,2,1,eraten
CT13,B,9,2,eraten
CT33,D,2,1,eraten
CT22,D,2,2,eraten
CT14,C,4,1,eraten
CT23,D,2,2,eraten
CT22,D,1,1,eraten
CT3B,C,12,1,eraten
CT1T,D,1,1,eraten
CT1B,C,7,2,eraten
CT32,A,1,1,eraten
CT2T,C,1,1,eraten
CT3B,D,7,2,eraten
CT13,A,6,1,eraten
CT1B,A,4,2,eraten
CT24,C,2,1,eraten
CT23,C,1,1,eraten
CT14,B,3,2,eraten
CT3T,A,2,1,eraten
CT14,B,4,1,eraten
CT23,B,1,1,eraten
CT12,A,2,2,eraten
CT13,D,6,2,eraten
CT32,B,1,1,eraten
CT33,B,5,2,eraten
CT1B,D,1,1,eraten
CT23,D,1,1,eraten
CT24,A,2,2,eraten
CT32,D,4,1,eraten
CT12,B,12,2,eraten
CT2T,D,2,1,eraten
CT13,A,8,2,eraten
CT14,A,8,2,eraten
CT3T,A,4,2,eraten
CT3B,A,2,1,eraten
CT13,D,4,1,eraten
CT3T,D,8,2,eraten
CT33,B,2,1,eraten
CT2T,D,3,2,eraten
CT34,C,1,1,eraten
CT3B,A,2,2,eraten
CT12,C,3,2,eraten
CT32,B,2,2,eraten
CT1B,B,7,2,eraten
CT3B,C,18,2,eraten
CT12,D,6,2,eraten
CT14,D,1,2,eraten
CT3T,B,18,2,eraten
CT13,C,5,2,eraten
CT34,D,1,1,eraten
CT22,C,1,1,eraten
CT3B,B,4,1,eraten
CT12,D,2,1,eraten
CT33,C,3,1,eraten
CT24,B,2,1,eraten
CT14,C,14,2,eraten
CT13,C,7,1,eraten
CT33,D,1,2,eraten
CT33,A,1,2,eraten
CT33,A,1,1,eraten
CT12,C,5,1,eraten
CT2T,A,1,1,euspas
CT24,D,1,1,euspas
CT33,B,1,1,euspas
CT33,C,1,2,euspas
CT1T,A,1,2,hirdif
CT2B,B,1,1,unk_forb_10
CT1B,C,1,2,unk_forb_11
CT3B,A,1,2,unk_forb_11
CT1B,D,2,2,unk_forb_11
CT1T,D,3,1,crapla
CT1T,A,3,1,crapla
CT1T,C,4,1,crapla
CT1T,B,5,1,crapla
CT1T,A,9,1,hirdif
CT1T,B,2,1,hirdif
CT32,D,1,2,eupina
CT3T,A,1,2,eupina
CT33,D,2,2,eupina
CT1B,D,2,2,eupina
CT22,A,1,2,eupina
CT14,A,1,2,eupina
CT22,D,1,2,eupina
CT32,C,1,2,eupina
CT14,D,1,2,eupina
CT2B,C,1,2,eupina
CT1B,A,1,2,eupina
CT33,A,1,2,eupina
CT2T,A,1,2,eupina
CT32,A,1,2,eupina
CT3T,D,1,2,eupina
CT32,B,1,2,eupina
CT34,C,1,1,dycrad
CT3B,B,1,1,dycrad
CT3B,C,1,1,dycrad
CT3B,D,1,1,dycrad
CT3B,A,2,1,dycrad
CT1T,A,1,2,lipjav
CT1T,B,1,2,lipjav
CT13,A,2,2,gutpet
CT14,C,2,2,gutpet
CT3B,C,1,1,harsch
CT14,C,1,1,harsch
CT3B,B,1,1,harsch
CT3T,D,2,2,harsch
CT2T,A,1,1,harsch
CT2T,A,1,2,harsch
CT2T,B,1,1,harsch
CT2T,B,3,2,harsch
CT2T,C,3,1,harsch
CT3T,D,1,2,unk_forb_12
CT3T,B,1,2,unk_forb_12
CT3B,B,1,2,unk_forb_12
CT34,B,1,1,hirdif
CT1T,A,1,1,hirdif
CT1T,C,1,1,indhoc
CT3B,B,2,1,indhoc
CT1B,C,1,1,indhoc
CT13,A,3,1,indhoc
CT1T,B,4,1,indhoc
CT34,C,1,1,indhoc
CT1T,A,2,1,indhoc
CT2B,B,1,2,indhoc
CT23,D,2,2,indhoc
CT23,B,4,1,indvol
CT3B,B,3,2,indvol
CT12,D,3,2,indvol
CT3T,D,3,1,indvol
CT33,D,9,2,indvol
CT33,B,2,2,indvol
CT14,D,1,2,indvol
CT1B,C,6,2,indvol
CT34,A,1,2,indvol
CT3B,A,2,2,indvol
CT23,C,2,2,indvol
CT13,C,3,1,indvol
CT3T,B,2,1,indvol
CT33,A,3,2,indvol
CT13,C,2,2,indvol
CT2B,D,2,2,indvol
CT14,A,2,2,indvol
CT13,D,1,1,indvol
CT14,B,8,1,indvol
CT1B,C,4,1,indvol
CT24,C,4,1,indvol
CT24,B,9,1,indvol
CT2B,C,4,1,indvol
CT3T,A,2,2,indvol
CT12,B,1,1,indvol
CT1B,D,4,1,indvol
CT2B,B,10,2,indvol
CT1T,B,2,2,indvol
CT3T,C,3,1,indvol
CT34,D,1,2,indvol
CT1B,A,8,1,indvol
CT1T,C,1,1,indvol
CT1T,A,6,1,indvol
CT24,D,9,1,indvol
CT1B,D,6,2,indvol
CT13,D,2,2,indvol
CT12,D,1,1,indvol
CT12,A,4,2,indvol
CT3T,C,11,2,indvol
CT14,C,8,2,indvol
CT3T,B,6,2,indvol
CT23,A,1,2,indvol
CT24,D,11,2,indvol
CT24,B,14,2,indvol
CT12,C,1,2,indvol
CT1T,B,1,1,indvol
CT32,D,1,2,indvol
CT2B,A,4,1,indvol
CT1B,B,6,2,indvol
CT33,A,2,1,indvol
CT22,D,3,1,indvol
CT13,A,2,2,indvol
CT1T,C,4,2,indvol
CT12,C,1,1,indvol
CT1T,D,4,2,indvol
CT14,C,2,1,indvol
CT3B,C,3,2,indvol
CT3T,D,6,2,indvol
CT13,B,1,1,indvol
CT3B,B,1,1,indvol
CT3B,D,7,2,indvol
CT12,A,6,1,indvol
CT24,C,11,2,indvol
CT2T,D,4,1,indvol
CT13,B,3,2,indvol
CT22,B,7,1,indvol
CT1T,D,1,1,indvol
CT22,A,2,2,indvol
CT32,A,2,2,indvol
CT23,D,1,1,indvol
CT24,A,13,1,indvol
CT24,A,8,2,indvol
CT14,B,6,2,indvol
CT23,B,8,2,indvol
CT22,A,6,1,indvol
CT32,B,1,2,indvol
CT12,B,3,2,indvol
CT2B,B,3,1,indvol
CT22,C,3,2,indvol
CT1B,B,3,1,indvol
CT33,C,2,2,indvol
CT34,C,1,2,indvol
CT1B,A,6,2,indvol
CT1T,A,4,2,indvol
CT2B,C,15,2,indvol
CT23,C,4,1,indvol
CT2B,A,7,2,indvol
CT22,B,3,2,indvol
CT3B,C,1,2,ipomom
CT3B,D,1,2,ipomom
CT14,C,1,2,ipomom
CT3B,B,2,2,ipomom
CT1B,C,1,2,ipomom
CT24,D,1,1,jusexi
CT24,C,1,1,jusexi
CT24,A,1,1,jusexi
CT23,D,1,1,jusexi
CT2T,A,1,1,jusexi
CT14,B,1,2,jusmat
CT2T,C,1,2,jusmat
CT1T,B,1,1,jusmat
CT2B,A,1,1,jusmat
CT13,C,2,1,jusmat
CT3T,C,6,2,jusmat
CT3B,A,2,2,jusmat
CT3T,B,6,2,jusmat
CT23,D,1,2,jusmat
CT2T,B,1,2,jusmat
CT24,D,1,2,jusmat
CT3B,B,1,1,jusmat
CT2B,B,1,2,jusmat
CT2B,A,1,2,jusmat
CT3T,C,1,1,jusmat
CT1T,A,1,2,jusmat
CT1B,D,1,2,jusmat
CT24,D,1,1,jusmat
CT1B,A,1,2,jusmat
CT32,A,1,2,jusmat
CT3B,D,3,2,jusmat
CT3T,D,3,2,jusmat
CT13,B,1,2,jusmat
CT24,C,1,1,jusmat
CT2T,D,1,2,jusmat
CT32,D,1,2,jusmat
CT34,B,2,2,jusmat
CT32,A,1,1,jusmat
CT24,A,1,2,jusmat
CT1B,C,1,1,jusmat
CT1T,A,5,1,jusmat
CT22,B,1,2,jusmat
CT2B,D,2,1,jusmat
CT3T,A,5,2,jusmat
CT24,B,3,2,jusmat
CT14,A,2,1,jusmat
CT2T,A,2,2,jusmat
CT13,C,1,2,jusmat
CT12,A,1,1,jusmat
CT24,B,2,1,jusmat
CT23,C,1,2,jusmat
CT23,B,1,2,jusmat
CT34,C,2,2,jusmat
CT1B,B,1,2,jusmat
CT1T,D,5,1,jusmat
CT1T,C,4,2,jusmat
CT3T,B,1,1,jusmat
CT12,B,1,2,jusmat
CT3B,B,3,2,jusmat
CT34,A,1,2,jusmat
CT13,A,2,1,jusmat
CT22,D,1,1,jusmat
CT32,D,1,1,jusmat
CT3B,A,1,1,jusmat
CT14,A,1,2,jusmat
CT1B,A,2,1,jusmat
CT23,A,1,2,jusmat
CT32,C,1,1,jusmat
CT23,B,1,1,jusmat
CT23,D,1,1,jusmat
CT22,C,1,2,jusmat
CT1T,C,3,1,jusmat
CT24,A,1,1,jusmat
CT13,D,1,1,jusmat
CT1T,D,4,2,jusmat
CT24,C,1,2,jusmat
CT13,B,2,1,jusmat
CT13,A,1,2,jusmat
CT3T,A,2,2,beccap
CT24,A,1,2,beccap
CT32,C,1,2,beccap
CT34,D,1,2,beccap
CT23,D,1,2,beccap
CT34,B,1,2,beccap
CT2B,A,1,2,beccap
CT34,A,2,2,beccap
CT33,C,1,2,beccap
CT32,A,1,2,beccap
CT22,A,1,2,beccap
CT32,B,1,2,beccap
CT23,C,1,2,beccap
CT2B,D,1,2,beccap
CT34,C,2,1,bleala
CT34,B,3,1,bleala
CT34,A,6,1,bleala
CT2B,B,1,1,bleala
CT34,D,3,1,bleala
CT2B,A,1,1,bleala
CT3T,B,2,2,unk_forb_13
CT33,A,1,2,unk_forb_13
CT3T,A,2,2,unk_forb_13
CT3T,C,2,2,unk_forb_13
CT13,A,1,2,unk_forb_13
CT33,B,1,2,unk_forb_13
CT33,D,2,2,unk_forb_13
CT1T,B,1,2,unk_forb_13
CT22,D,1,2,unk_forb_13
CT14,D,1,2,unk_forb_13
CT14,A,1,2,unk_forb_13
CT3B,C,1,2,unk_forb_13
CT33,C,1,2,unk_forb_13
CT32,B,1,2,unk_forb_13
CT12,B,1,2,unk_forb_13
CT13,B,1,2,unk_forb_13
CT22,C,1,2,unk_forb_13
CT3B,A,1,2,unk_forb_13
CT12,A,1,2,unk_forb_13
CT1B,A,1,2,unk_forb_13
CT12,D,1,2,unk_forb_13
CT32,A,1,2,unk_forb_13
CT32,B,1,1,dycrad
CT3T,D,2,1,dycrad
CT3B,C,3,1,dycrad
CT24,B,3,1,dycrad
CT3B,D,3,1,dycrad
CT34,B,1,1,dycrad
CT2T,D,3,1,dycrad
CT3T,C,2,1,dycrad
CT23,C,4,1,dycrad
CT2B,B,2,1,dycrad
CT22,D,2,1,dycrad
CT2B,D,3,1,dycrad
CT34,A,1,1,dycrad
CT2B,C,2,1,dycrad
CT24,C,1,1,dycrad
CT33,D,1,1,dycrad
CT3B,A,2,1,dycrad
CT34,C,1,1,dycrad
CT3T,B,2,1,dycrad
CT2B,A,3,1,dycrad
CT2T,B,2,1,dycrad
CT2T,C,2,1,dycrad
CT23,B,5,1,dycrad
CT3T,A,1,1,dycrad
CT23,A,5,1,dycrad
CT23,D,7,1,dycrad
CT22,B,2,1,dycrad
CT34,D,3,1,dycrad
CT2T,D,1,2,marrem
CT2T,A,5,2,marrem
CT23,A,4,1,marrem
CT14,B,1,1,marrem
CT22,A,1,1,marrem
CT13,C,1,1,marrem
CT23,D,2,1,marrem
CT23,B,4,1,marrem
CT3T,C,1,1,marrem
CT13,D,1,1,marrem
CT12,D,3,1,marrem
CT14,A,1,1,marrem
CT12,C,2,1,marrem
CT2T,C,2,1,marrem
CT1B,B,1,1,marrem
CT12,A,1,2,marrem
CT32,D,1,1,marrem
CT2T,D,3,1,marrem
CT1B,C,1,1,marrem
CT22,C,1,1,marrem
CT22,B,1,1,marrem
CT12,A,4,1,marrem
CT2T,A,5,1,marrem
CT1B,A,1,1,marrem
CT2T,B,3,2,marrem
CT3T,D,3,1,marrem
CT12,B,6,1,marrem
CT2T,B,2,1,marrem
CT2T,A,3,2,mickun
CT2T,A,4,1,mickun
CT23,D,1,1,mickun
CT13,C,2,2,mickun
CT23,D,1,2,mickun
CT12,C,14,1,mickun
CT2B,D,2,2,mickun
CT1T,C,25,2,mickun
CT3T,B,1,1,mickun
CT2T,D,1,2,mickun
CT1T,A,23,1,mickun
CT14,D,1,2,mickun
CT2B,B,6,1,mickun
CT12,B,10,1,mickun
CT2T,B,1,1,mickun
CT13,A,3,2,mickun
CT2B,C,12,2,mickun
CT1T,D,28,1,mickun
CT1T,B,20,2,mickun
CT12,D,13,2,mickun
CT22,B,1,1,mickun
CT2B,D,4,1,mickun
CT2B,B,7,2,mickun
CT12,A,27,1,mickun
CT12,A,31,2,mickun
CT2B,A,2,2,mickun
CT1T,C,15,1,mickun
CT3T,D,1,2,mickun
CT3T,A,2,2,mickun
CT2B,C,6,1,mickun
CT12,B,27,2,mickun
CT2T,D,2,1,mickun
CT12,C,23,2,mickun
CT14,D,1,1,mickun
CT13,C,3,1,mickun
CT1T,D,15,2,mickun
CT1T,A,10,2,mickun
CT2T,C,1,1,mickun
CT1T,B,13,1,mickun
CT2B,B,1,1,lam_sp
CT12,A,1,2,ornlon
CT14,D,1,1,ornlon
CT24,C,1,1,ornlon
CT2B,B,2,1,ornlon
CT2T,D,1,1,ornlon
CT12,D,1,1,ornlon
CT2T,C,1,1,ornlon
CT34,B,1,1,ornlon
CT2B,A,1,2,ornlon
CT12,B,1,1,ornlon
CT1T,A,1,2,ornlon
CT2B,D,1,1,ornlon
CT34,C,1,1,ornlon
CT22,B,1,1,ornlon
CT2B,C,1,1,ornlon
CT12,B,1,2,ornlon
CT2T,D,1,2,ornlon
CT24,C,1,2,ornlon
CT12,D,1,2,ornlon
CT2T,B,1,1,ornlon
CT12,A,1,1,ornlon
CT2T,B,1,2,ornlon
CT1T,D,1,2,ornlon
CT32,A,1,1,beccap
CT32,B,1,1,beccap
CT13,C,8,2,pancol
CT1B,C,6,2,pancol
CT13,A,3,2,pancol
CT34,D,2,1,pancol
CT3T,C,9,2,pancol
CT24,B,37,2,pancol
CT14,D,9,2,pancol
CT33,D,6,2,pancol
CT32,A,2,1,pancol
CT13,D,1,1,pancol
CT23,D,19,1,pancol
CT2B,C,21,2,pancol
CT23,B,12,2,pancol
CT3T,C,3,1,pancol
CT32,D,1,2,pancol
CT14,B,9,1,pancol
CT3B,D,21,2,pancol
CT3T,D,3,2,pancol
CT22,A,1,2,pancol
CT22,D,1,2,pancol
CT3B,B,7,1,pancol
CT3T,A,3,1,pancol
CT12,D,14,1,pancol
CT23,A,15,1,pancol
CT2B,A,10,1,pancol
CT33,C,6,2,pancol
CT23,C,18,2,pancol
CT24,D,12,1,pancol
CT12,B,20,2,pancol
CT34,C,6,1,pancol
CT34,A,2,2,pancol
CT12,C,13,1,pancol
CT12,A,4,1,pancol
CT2B,D,7,1,pancol
CT23,D,16,2,pancol
CT33,B,7,1,pancol
CT3T,B,7,1,pancol
CT1T,C,2,1,pancol
CT14,B,16,2,pancol
CT1B,D,6,1,pancol
CT12,A,2,2,pancol
CT14,D,12,1,pancol
CT34,C,10,2,pancol
CT24,B,13,1,pancol
CT23,B,20,1,pancol
CT2B,B,13,1,pancol
CT12,D,17,2,pancol
CT2B,A,19,2,pancol
CT33,A,1,1,pancol
CT3B,D,4,1,pancol
CT3T,B,9,2,pancol
CT14,A,5,1,pancol
CT1B,D,7,2,pancol
CT13,A,2,1,pancol
CT24,A,14,2,pancol
CT24,C,13,1,pancol
CT1B,A,12,2,pancol
CT33,D,9,1,pancol
CT13,B,2,1,pancol
CT1T,C,3,2,pancol
CT34,A,1,1,pancol
CT12,B,11,1,pancol
CT2B,B,31,2,pancol
CT3T,D,1,1,pancol
CT13,C,3,1,pancol
CT3B,B,13,2,pancol
CT32,C,3,2,pancol
CT1T,D,1,1,pancol
CT12,C,21,2,pancol
CT1T,B,6,2,pancol
CT33,B,8,2,pancol
CT24,A,13,1,pancol
CT14,C,11,1,pancol
CT13,B,7,2,pancol
CT1T,B,6,1,pancol
CT23,A,17,2,pancol
CT33,A,3,2,pancol
CT3B,C,18,2,pancol
CT1B,A,19,1,pancol
CT34,B,4,2,pancol
CT14,C,30,2,pancol
CT1B,B,17,2,pancol
CT3B,C,10,1,pancol
CT32,C,2,1,pancol
CT1B,C,7,1,pancol
CT24,D,5,2,pancol
CT34,D,3,2,pancol
CT23,C,17,1,pancol
CT3T,A,24,2,pancol
CT14,A,9,2,pancol
CT2B,D,7,2,pancol
CT2B,C,11,1,pancol
CT24,C,29,2,pancol
CT3B,A,5,2,pancol
CT1B,B,7,1,pancol
CT3B,A,1,1,pancol
CT13,D,1,1,pavpat
CT12,D,1,1,pavpat
CT1B,C,1,2,ortpar
CT32,D,13,2,penmez
CT33,B,5,2,penmez
CT22,C,9,1,penmez
CT32,B,19,2,penmez
CT3B,A,7,1,penmez
CT32,A,5,2,penmez
CT14,C,13,1,penmez
CT34,A,1,1,penmez
CT32,C,19,2,penmez
CT14,D,12,1,penmez
CT32,A,7,1,penmez
CT14,C,30,2,penmez
CT22,B,22,2,penmez
CT33,D,3,1,penmez
CT14,D,5,2,penmez
CT22,A,4,2,penmez
CT14,A,3,2,penmez
CT3B,D,7,2,penmez
CT22,B,12,1,penmez
CT22,C,13,2,penmez
CT32,C,5,1,penmez
CT22,A,7,1,penmez
CT2B,A,3,1,penmez
CT33,C,3,1,penmez
CT33,D,2,2,penmez
CT32,B,13,1,penmez
CT22,D,5,2,penmez
CT3B,A,9,2,penmez
CT33,B,4,1,penmez
CT14,B,11,1,penmez
CT3B,B,5,2,penmez
CT33,A,3,1,penmez
CT22,D,13,1,penmez
CT14,B,23,2,penmez
CT33,A,3,2,penmez
CT3B,B,4,1,penmez
CT14,A,12,1,penmez
CT33,C,5,2,penmez
CT32,B,1,1,porqua
CT22,C,1,1,porqua
CT32,D,1,1,porqua
CT2T,A,1,1,porqua
CT32,A,1,2,porqua
CT32,B,1,2,porqua
CT2T,D,1,2,porqua
CT2T,D,1,1,porqua
CT2T,B,6,2,porqua
CT2T,B,2,1,porqua
CT22,B,1,1,porqua
CT2T,C,1,1,porqua
CT22,A,1,1,porqua
CT13,B,2,1,porqua
CT34,C,1,1,porqua
CT32,C,1,1,porqua
CT22,A,1,2,porqua
CT32,D,5,2,porqua
CT12,B,2,1,pavpat
CT1B,C,4,1,ortpar
CT1B,D,1,1,ortpar
CT1B,B,1,1,ortpar
CT13,A,1,1,dycrad
CT12,A,1,1,dycrad
CT14,B,2,1,dycrad
CT13,B,1,1,dycrad
CT2T,A,4,1,dycrad
CT1B,D,3,1,dycrad
CT12,B,4,1,dycrad
CT13,C,1,1,dycrad
CT1B,B,2,1,dycrad
CT1B,C,2,1,dycrad
CT14,A,4,1,dycrad
CT13,D,1,1,dycrad
CT1B,B,10,1,dycrad
CT1B,A,4,1,dycrad
CT14,C,2,1,dycrad
CT22,B,1,1,crass_sp
CT14,A,1,1,eupina
CT22,B,1,1,eupina
CT33,B,1,1,eupina
CT1B,D,1,1,eupina
CT1B,B,2,1,eupina
CT22,C,1,1,eupina
CT33,C,1,1,eupina
CT1B,A,1,1,eupina
CT32,B,1,1,eupina
CT1B,C,2,1,eupina
CT33,A,1,1,eupina
CT22,A,1,1,eupina
CT22,D,1,1,eupina
CT3T,A,1,1,eupina
CT1T,C,1,2,unk_forb_14
CT12,C,2,2,unk_forb_14
CT14,D,1,2,unk_forb_14
CT1T,B,1,2,unk_forb_14
CT32,B,1,2,marrem
CT32,D,1,2,marrem
CT1B,C,1,2,marrem
CT3T,A,5,2,marrem
CT32,C,1,2,marrem
CT3T,D,2,2,marrem
CT3B,D,2,2,marrem
CT3T,C,5,2,marrem
CT33,A,1,2,marrem
CT3T,B,7,2,marrem
CT32,A,13,2,marrem
CT23,B,2,2,marrem
CT24,B,5,2,marrem
CT1B,D,1,2,marrem
CT22,B,1,2,marrem
CT13,A,2,2,marrem
CT13,D,2,2,marrem
CT13,B,2,2,marrem
CT12,A,2,2,marrem
CT2B,D,2,2,marrem
CT34,B,15,2,marrem
CT22,D,1,2,marrem
CT34,C,13,2,marrem
CT12,B,1,2,marrem
CT24,D,2,2,marrem
CT24,A,5,2,marrem
CT14,B,1,2,marrem
CT13,C,1,2,marrem
CT23,D,1,2,marrem
CT24,C,4,2,marrem
CT34,D,7,2,marrem
CT34,A,8,2,marrem
CT23,C,2,2,marrem
CT2B,C,2,2,marrem
CT2B,A,2,2,marrem
CT23,A,2,2,marrem
CT2B,B,2,2,marrem
CT33,C,2,2,marass
CT33,B,3,2,marass
CT34,C,3,2,marass
CT23,B,2,1,cypbul
CT34,B,5,1,cypbul
CT3T,B,1,1,cypbul
CT3B,B,1,1,cypbul
CT24,D,1,1,cypbul
CT32,B,1,1,cypbul
CT24,C,1,1,cypbul
CT23,D,1,1,cypbul
CT34,C,2,1,cypbul
CT2B,D,1,1,cypbul
CT34,D,3,1,cypbul
CT34,A,3,1,cypbul
CT2B,B,1,1,cypbul
CT24,B,1,1,cypbul
CT33,B,3,1,cypobt
CT34,D,5,1,cypobt
CT34,C,5,1,cypobt
CT33,A,2,1,cypobt
CT34,B,3,1,cypobt
CT33,D,1,1,cypobt
CT33,C,2,1,cypobt
CT34,A,6,1,cypobt
CT33,D,2,2,marrem
CT1T,B,1,1,marrem
CT1T,A,1,1,marrem
CT1T,D,1,1,marrem
CT1B,A,1,1,lipjav
CT12,B,1,1,lipjav
CT2T,C,2,1,lipjav
CT2T,B,2,1,lipjav
CT1B,C,1,1,lipjav
CT2T,A,2,1,lipjav
CT2T,D,2,1,lipjav
CT22,A,1,1,lipjav
CT13,A,1,2,lipjav
CT13,B,1,2,lipjav
CT2T,C,2,2,lipjav
CT2T,D,1,2,lipjav
CT33,D,1,2,lipjav
CT14,C,1,2,lipjav
CT12,B,1,2,lipjav
CT2T,B,1,2,lipjav
CT2T,A,2,2,lipjav
CT2B,B,1,2,lipjav
CT22,A,1,2,lipjav
CT1B,D,2,2,lipjav
CT1B,C,6,2,lipjav
CT23,B,1,2,sidcun
CT3B,B,1,1,sidcun
CT34,B,1,1,sidcun
CT34,A,1,1,sidcun
CT33,D,2,1,sidcun
CT3T,C,1,1,sidcun
CT2B,A,1,2,sidcun
CT3B,D,1,1,sidcun
CT34,A,1,2,sidcun
CT3T,B,1,1,sidcun
CT33,D,1,2,sidcun
CT2B,A,1,1,sidcun
CT1B,A,1,1,gutpet
CT1B,B,1,1,gutpet
CT33,B,1,1,gutpet
CT23,D,1,1,crass_sp
CT1T,D,1,1,solinc
CT12,B,1,1,solinc
CT32,B,2,1,solinc
CT32,A,1,2,solinc
CT24,D,1,2,solinc
CT33,B,1,1,solinc
CT33,D,1,2,solinc
CT23,B,1,1,solinc
CT22,A,1,2,solinc
CT33,B,1,2,solinc
CT32,B,4,2,solinc
CT1T,B,1,1,solinc
CT23,D,1,2,solinc
CT1T,D,1,2,solinc
CT14,D,2,1,solinc
CT14,D,1,2,solinc
CT1T,B,1,2,solinc
CT22,C,1,2,solinc
CT14,C,1,1,solinc
CT32,A,2,1,solinc
CT32,D,2,1,solinc
CT2T,C,1,1,solinc
CT22,C,1,1,solinc
CT14,C,3,2,solinc
CT32,D,2,2,solinc
CT1T,A,2,2,solinc
CT24,D,1,1,solinc
CT2T,A,1,1,solinc
CT22,A,1,1,solinc
CT1T,A,1,1,solinc
CT33,A,1,1,spofes
CT3T,C,1,1,spofes
CT13,B,1,1,spofes
CT23,D,1,1,spofes
CT3T,D,4,1,spofes
CT32,C,1,1,spofes
CT23,A,1,1,spofes
CT3T,B,4,2,spofes
CT1T,D,3,1,spofes
CT33,D,2,1,spofes
CT23,B,2,1,spofes
CT33,A,1,2,spofes
CT24,D,2,2,spofes
CT1T,C,2,1,spofes
CT2T,A,4,2,spofes
CT12,A,7,2,spofes
CT34,D,4,1,spofes
CT1T,A,5,1,spofes
CT23,C,3,1,spofes
CT23,C,1,2,spofes
CT12,D,2,2,spofes
CT3T,A,9,1,spofes
CT33,C,1,2,spofes
CT33,D,14,2,spofes
CT1T,B,5,1,spofes
CT3T,A,7,2,spofes
CT1T,B,11,2,spofes
CT3T,D,10,2,spofes
CT34,D,4,2,spofes
CT24,A,1,2,spofes
CT12,B,1,2,spofes
CT24,C,1,1,spofes
CT1T,C,10,2,spofes
CT1T,A,6,2,spofes
CT33,C,1,1,spofes
CT2B,D,2,2,spofes
CT34,B,2,1,spofes
CT23,D,1,2,spofes
CT34,C,2,2,spofes
CT24,B,1,1,spofes
CT3T,C,6,2,spofes
CT2T,A,1,1,spofes
CT12,C,1,1,spofes
CT1T,D,16,2,spofes
CT2T,B,1,1,spofes
CT22,B,1,1,spofes
CT23,A,2,2,spofes
CT34,C,3,1,spofes
CT2T,A,4,1,spofim
CT2T,C,6,1,spofim
CT2T,B,13,1,spofim
CT2T,C,9,2,spofim
CT2T,A,6,2,spofim
CT2T,D,22,2,spofim
CT2T,B,11,2,spofim
CT2T,D,8,1,spofim
CT34,D,1,2,spoioc
CT1T,B,4,2,spoioc
CT2B,C,7,2,spoioc
CT14,D,6,2,spoioc
CT3B,D,1,2,spoioc
CT1T,A,2,2,spoioc
CT24,B,1,1,spoioc
CT3B,C,1,1,spoioc
CT23,D,2,2,spoioc
CT24,A,8,2,spoioc
CT34,B,11,2,spoioc
CT33,D,2,2,spoioc
CT2B,D,1,2,spoioc
CT3B,D,4,1,spoioc
CT13,A,4,2,spoioc
CT33,C,4,1,spoioc
CT34,B,1,1,spoioc
CT13,B,2,2,spoioc
CT3B,C,1,1,spopel
CT3B,A,2,1,spopel
CT14,A,1,2,spopel
CT33,D,2,1,spopel
CT3B,A,1,2,spopyr
CT14,D,1,1,spopyr
CT34,D,4,1,spospi
CT34,A,5,2,spospi
CT34,D,2,2,spospi
CT34,B,14,2,spospi
CT34,B,4,1,spospi
CT34,C,2,2,spospi
CT34,C,1,1,spospi
CT2T,A,4,2,sposta
CT22,C,1,1,sposta
CT2T,C,1,1,sposta
CT2T,B,2,1,sposta
CT23,B,2,2,sposta
CT22,B,1,2,sposta
CT22,A,2,2,sposta
CT2T,B,2,2,sposta
CT1T,D,1,1,sposta
CT22,B,2,1,sposta
CT2T,C,1,2,sposta
CT2T,A,3,1,sposta
CT22,A,2,1,sposta
CT22,A,1,2,hirdif
CT22,A,1,1,hirdif
CT3T,A,1,1,hirdif
CT13,B,1,1,lipjav
CT22,D,1,1,lipjav
CT22,C,1,1,lipjav
CT24,D,1,1,lipjav
CT1T,A,1,1,teppum
CT23,A,3,1,teppum
CT33,A,2,1,teppum
CT33,C,1,1,teppum
CT23,D,1,1,teppum
CT3T,D,2,1,teppum
CT14,C,4,1,teppum
CT22,D,2,1,teppum
CT22,B,1,1,teppum
CT33,D,1,1,teppum
CT14,D,4,1,teppum
CT33,B,1,1,teppum
CT22,C,1,1,teppum
CT14,A,5,1,teppum
CT34,C,9,2,thetri
CT24,D,3,2,thetri
CT24,C,14,1,thetri
CT2T,A,4,1,thetri
CT3B,C,26,2,thetri
CT3T,D,10,1,thetri
CT2B,C,5,1,thetri
CT3T,B,7,1,thetri
CT13,D,9,1,thetri
CT22,B,10,1,thetri
CT32,C,4,1,thetri
CT3T,A,5,1,thetri
CT1B,B,56,2,thetri
CT34,A,8,1,thetri
CT22,A,7,1,thetri
CT23,B,12,1,thetri
CT33,D,11,1,thetri
CT12,B,18,2,thetri
CT3B,D,13,1,thetri
CT1T,D,2,1,thetri
CT22,A,2,2,thetri
CT2B,D,14,1,thetri
CT2T,D,3,2,thetri
CT32,C,13,2,thetri
CT33,A,14,2,thetri
CT3T,B,14,2,thetri
CT3T,A,1,2,thetri
CT32,A,9,1,thetri
CT22,D,2,2,thetri
CT23,C,19,1,thetri
CT23,A,4,2,thetri
CT23,D,7,1,thetri
CT12,D,6,2,thetri
CT34,C,8,1,thetri
CT3B,B,22,1,thetri
CT23,D,2,2,thetri
CT1T,B,7,1,thetri
CT33,B,31,2,thetri
CT3T,C,16,2,thetri
CT32,A,14,2,thetri
CT22,B,12,2,thetri
CT2T,B,13,2,thetri
CT14,D,3,2,thetri
CT1T,C,18,2,thetri
CT12,D,3,1,thetri
CT24,B,15,2,thetri
CT1T,B,10,2,thetri
CT14,C,15,1,thetri
CT1T,A,2,2,thetri
CT23,A,11,1,thetri
CT2T,D,7,1,thetri
CT23,B,17,2,thetri
CT1B,A,18,1,thetri
CT2T,A,4,2,thetri
CT2B,A,1,2,thetri
CT12,A,4,2,thetri
CT33,C,16,1,thetri
CT2B,A,13,1,thetri
CT32,B,8,2,thetri
CT13,A,6,2,thetri
CT12,B,4,1,thetri
CT22,D,8,1,thetri
CT2B,C,7,2,thetri
CT2T,B,5,1,thetri
CT1B,B,35,1,thetri
CT24,B,20,1,thetri
CT1B,C,75,2,thetri
CT2T,C,6,1,thetri
CT3T,D,5,2,thetri
CT13,B,5,1,thetri
CT33,A,24,1,thetri
CT3B,D,6,2,thetri
CT34,B,1,2,thetri
CT12,A,2,1,thetri
CT2B,B,14,2,thetri
CT13,C,71,2,thetri
CT3T,C,7,1,thetri
CT3B,B,37,2,thetri
CT24,D,17,1,thetri
CT23,C,11,2,thetri
CT14,B,29,2,thetri
CT1B,D,21,2,thetri
CT32,B,6,1,thetri
CT3B,C,24,1,thetri
CT22,C,15,2,thetri
CT1B,A,7,2,thetri
CT14,C,45,2,thetri
CT1T,D,2,2,thetri
CT12,C,32,2,thetri
CT34,D,10,1,thetri
CT14,B,32,1,thetri
CT24,A,7,2,thetri
CT33,D,12,2,thetri
CT2T,C,24,2,thetri
CT32,D,1,2,thetri
CT1B,C,29,1,thetri
CT34,B,3,1,thetri
CT1B,D,35,1,thetri
CT13,B,18,2,thetri
CT14,A,13,2,thetri
CT32,D,1,1,thetri
CT14,D,15,1,thetri
CT3B,A,27,1,thetri
CT33,B,16,1,thetri
CT13,A,6,1,thetri
CT2B,D,1,2,thetri
CT12,C,3,1,thetri
CT13,C,13,1,thetri
CT34,A,1,2,thetri
CT24,A,21,1,thetri
CT22,C,18,1,thetri
CT33,C,50,2,thetri
CT24,C,20,2,thetri
CT3B,A,21,2,thetri
CT2B,B,6,1,thetri
CT1T,C,6,1,thetri
CT1T,A,2,1,thetri
CT14,A,20,1,thetri
CT33,A,1,1,Polygala_sp
CT33,C,1,1,vigobt
CT14,A,1,1,vigobt
CT14,C,1,1,vigobt
CT22,B,1,1,teppum
CT22,B,1,2,unk_forb_15
CT1T,A,1,1,unk_forb_15
CT1B,D,2,1,ruepat
